sample_id	species	read1_url	read2_url	control_sample	reference_fasta
AL1G11460.t1_S_bicolor_RTx430_DAPi712A10-ORGi5019-96P247	Sorghum_bicolor	https://ftp.sra.ebi.ac.uk/vol1/fastq/SRR312/024/SRR31219424/SRR31219424_1.fastq.gz	https://ftp.sra.ebi.ac.uk/vol1/fastq/SRR312/024/SRR31219424/SRR31219424_2.fastq.gz	Control_TF_DNA_S_bicolor_RTx430_DAPi712A12-ORGi5019-96P247	Sorghum_bicolor.Sorbi1.19.fa.gz
AL1G23550.t1_S_bicolor_RTx430_DAPi712B03-ORGi5019-96P247	Sorghum_bicolor	https://ftp.sra.ebi.ac.uk/vol1/fastq/SRR312/000/SRR31219500/SRR31219500_1.fastq.gz	https://ftp.sra.ebi.ac.uk/vol1/fastq/SRR312/000/SRR31219500/SRR31219500_2.fastq.gz	Control_TF_DNA_S_bicolor_RTx430_DAPi712A12-ORGi5019-96P247	Sorghum_bicolor.Sorbi1.19.fa.gz
AL1G53260.t1_S_bicolor_RTx430_DAPi712B01-ORGi5019-96P247	Sorghum_bicolor	https://ftp.sra.ebi.ac.uk/vol1/fastq/SRR312/019/SRR31219519/SRR31219519_1.fastq.gz	https://ftp.sra.ebi.ac.uk/vol1/fastq/SRR312/019/SRR31219519/SRR31219519_2.fastq.gz	Control_TF_DNA_S_bicolor_RTx430_DAPi712A12-ORGi5019-96P247	Sorghum_bicolor.Sorbi1.19.fa.gz
AL2G28980.t1_S_bicolor_RTx430_DAPi712H11-ORGi5019-96P247	Sorghum_bicolor	https://ftp.sra.ebi.ac.uk/vol1/fastq/SRR312/012/SRR31219412/SRR31219412_1.fastq.gz	https://ftp.sra.ebi.ac.uk/vol1/fastq/SRR312/012/SRR31219412/SRR31219412_2.fastq.gz	Control_TF_DNA_S_bicolor_RTx430_DAPi712A12-ORGi5019-96P247	Sorghum_bicolor.Sorbi1.19.fa.gz
AL2G32420.t2_S_bicolor_RTx430_DAPi712F10-ORGi5019-96P247	Sorghum_bicolor	https://ftp.sra.ebi.ac.uk/vol1/fastq/SRR312/029/SRR31219429/SRR31219429_1.fastq.gz	https://ftp.sra.ebi.ac.uk/vol1/fastq/SRR312/029/SRR31219429/SRR31219429_2.fastq.gz	Control_TF_DNA_S_bicolor_RTx430_DAPi712A12-ORGi5019-96P247	Sorghum_bicolor.Sorbi1.19.fa.gz
AL2G40550.t1_S_bicolor_RTx430_DAPi712C11-ORGi5019-96P247	Sorghum_bicolor	https://ftp.sra.ebi.ac.uk/vol1/fastq/SRR312/011/SRR31219511/SRR31219511_1.fastq.gz	https://ftp.sra.ebi.ac.uk/vol1/fastq/SRR312/011/SRR31219511/SRR31219511_2.fastq.gz	Control_TF_DNA_S_bicolor_RTx430_DAPi712A12-ORGi5019-96P247	Sorghum_bicolor.Sorbi1.19.fa.gz
AL3G23910.t2_S_bicolor_RTx430_DAPi712E07-ORGi5019-96P247	Sorghum_bicolor	https://ftp.sra.ebi.ac.uk/vol1/fastq/SRR312/034/SRR31219434/SRR31219434_1.fastq.gz	https://ftp.sra.ebi.ac.uk/vol1/fastq/SRR312/034/SRR31219434/SRR31219434_2.fastq.gz	Control_TF_DNA_S_bicolor_RTx430_DAPi712A12-ORGi5019-96P247	Sorghum_bicolor.Sorbi1.19.fa.gz
AL4G38490.t1_S_bicolor_RTx430_DAPi712G08-ORGi5019-96P247	Sorghum_bicolor	https://ftp.sra.ebi.ac.uk/vol1/fastq/SRR312/005/SRR31219505/SRR31219505_1.fastq.gz	https://ftp.sra.ebi.ac.uk/vol1/fastq/SRR312/005/SRR31219505/SRR31219505_2.fastq.gz	Control_TF_DNA_S_bicolor_RTx430_DAPi712A12-ORGi5019-96P247	Sorghum_bicolor.Sorbi1.19.fa.gz
AL4G45550.t1_S_bicolor_RTx430_DAPi712H06-ORGi5019-96P247	Sorghum_bicolor	https://ftp.sra.ebi.ac.uk/vol1/fastq/SRR312/000/SRR31219400/SRR31219400_1.fastq.gz	https://ftp.sra.ebi.ac.uk/vol1/fastq/SRR312/000/SRR31219400/SRR31219400_2.fastq.gz	Control_TF_DNA_S_bicolor_RTx430_DAPi712A12-ORGi5019-96P247	Sorghum_bicolor.Sorbi1.19.fa.gz
AL8G10650.t1_S_bicolor_RTx430_DAPi712D09-ORGi5019-96P247	Sorghum_bicolor	https://ftp.sra.ebi.ac.uk/vol1/fastq/SRR312/021/SRR31219521/SRR31219521_1.fastq.gz	https://ftp.sra.ebi.ac.uk/vol1/fastq/SRR312/021/SRR31219521/SRR31219521_2.fastq.gz	Control_TF_DNA_S_bicolor_RTx430_DAPi712A12-ORGi5019-96P247	Sorghum_bicolor.Sorbi1.19.fa.gz
AL8G13510.t2_S_bicolor_RTx430_DAPi712B08-ORGi5019-96P247	Sorghum_bicolor	https://ftp.sra.ebi.ac.uk/vol1/fastq/SRR312/087/SRR31219487/SRR31219487_1.fastq.gz	https://ftp.sra.ebi.ac.uk/vol1/fastq/SRR312/087/SRR31219487/SRR31219487_2.fastq.gz	Control_TF_DNA_S_bicolor_RTx430_DAPi712A12-ORGi5019-96P247	Sorghum_bicolor.Sorbi1.19.fa.gz
AT1G01060_S_bicolor_RTx430_DAPi712H05-ORGi5019-96P220	Sorghum_bicolor	https://ftp.sra.ebi.ac.uk/vol1/fastq/SRR312/025/SRR31219425/SRR31219425_1.fastq.gz	https://ftp.sra.ebi.ac.uk/vol1/fastq/SRR312/025/SRR31219425/SRR31219425_2.fastq.gz	Control_TF_DNA_S_bicolor_RTx430_DAPi712A12-ORGi5019-96P247	Sorghum_bicolor.Sorbi1.19.fa.gz
AT1G12260_S_bicolor_RTx430_DAPi712C12-ORGi5019-96P220	Sorghum_bicolor	https://ftp.sra.ebi.ac.uk/vol1/fastq/SRR312/042/SRR31219442/SRR31219442_1.fastq.gz	https://ftp.sra.ebi.ac.uk/vol1/fastq/SRR312/042/SRR31219442/SRR31219442_2.fastq.gz	Control_TF_DNA_S_bicolor_RTx430_DAPi712A12-ORGi5019-96P247	Sorghum_bicolor.Sorbi1.19.fa.gz
AT1G13260_S_bicolor_RTx430_DAPi712E01-ORGi5019-96P220	Sorghum_bicolor	https://ftp.sra.ebi.ac.uk/vol1/fastq/SRR312/058/SRR31219458/SRR31219458_1.fastq.gz	https://ftp.sra.ebi.ac.uk/vol1/fastq/SRR312/058/SRR31219458/SRR31219458_2.fastq.gz	Control_TF_DNA_S_bicolor_RTx430_DAPi712A12-ORGi5019-96P247	Sorghum_bicolor.Sorbi1.19.fa.gz
AT1G18330_S_bicolor_RTx430_DAPi712G01-ORGi5019-96P220	Sorghum_bicolor	https://ftp.sra.ebi.ac.uk/vol1/fastq/SRR312/014/SRR31219514/SRR31219514_1.fastq.gz	https://ftp.sra.ebi.ac.uk/vol1/fastq/SRR312/014/SRR31219514/SRR31219514_2.fastq.gz	Control_TF_DNA_S_bicolor_RTx430_DAPi712A12-ORGi5019-96P247	Sorghum_bicolor.Sorbi1.19.fa.gz
AT1G20910_S_bicolor_RTx430_DAPi712B10-ORGi5019-96P220	Sorghum_bicolor	https://ftp.sra.ebi.ac.uk/vol1/fastq/SRR312/055/SRR31219455/SRR31219455_1.fastq.gz	https://ftp.sra.ebi.ac.uk/vol1/fastq/SRR312/055/SRR31219455/SRR31219455_2.fastq.gz	Control_TF_DNA_S_bicolor_RTx430_DAPi712A12-ORGi5019-96P247	Sorghum_bicolor.Sorbi1.19.fa.gz
AT1G20980_S_bicolor_RTx430_DAPi712E11-ORGi5019-96P220	Sorghum_bicolor	https://ftp.sra.ebi.ac.uk/vol1/fastq/SRR312/054/SRR31219454/SRR31219454_1.fastq.gz	https://ftp.sra.ebi.ac.uk/vol1/fastq/SRR312/054/SRR31219454/SRR31219454_2.fastq.gz	Control_TF_DNA_S_bicolor_RTx430_DAPi712A12-ORGi5019-96P247	Sorghum_bicolor.Sorbi1.19.fa.gz
AT1G27730_S_bicolor_RTx430_DAPi712C01-ORGi5019-96P220	Sorghum_bicolor	https://ftp.sra.ebi.ac.uk/vol1/fastq/SRR312/094/SRR31219394/SRR31219394_1.fastq.gz	https://ftp.sra.ebi.ac.uk/vol1/fastq/SRR312/094/SRR31219394/SRR31219394_2.fastq.gz	Control_TF_DNA_S_bicolor_RTx430_DAPi712A12-ORGi5019-96P247	Sorghum_bicolor.Sorbi1.19.fa.gz
AT1G29160_S_bicolor_RTx430_DAPi712B04-ORGi5019-96P220	Sorghum_bicolor	https://ftp.sra.ebi.ac.uk/vol1/fastq/SRR312/095/SRR31219395/SRR31219395_1.fastq.gz	https://ftp.sra.ebi.ac.uk/vol1/fastq/SRR312/095/SRR31219395/SRR31219395_2.fastq.gz	Control_TF_DNA_S_bicolor_RTx430_DAPi712A12-ORGi5019-96P247	Sorghum_bicolor.Sorbi1.19.fa.gz
AT1G33240_S_bicolor_RTx430_DAPi712F03-ORGi5019-96P220	Sorghum_bicolor	https://ftp.sra.ebi.ac.uk/vol1/fastq/SRR312/094/SRR31219494/SRR31219494_1.fastq.gz	https://ftp.sra.ebi.ac.uk/vol1/fastq/SRR312/094/SRR31219494/SRR31219494_2.fastq.gz	Control_TF_DNA_S_bicolor_RTx430_DAPi712A12-ORGi5019-96P247	Sorghum_bicolor.Sorbi1.19.fa.gz
AT1G46768_S_bicolor_RTx430_DAPi712G04-ORGi5019-96P220	Sorghum_bicolor	https://ftp.sra.ebi.ac.uk/vol1/fastq/SRR312/080/SRR31219480/SRR31219480_1.fastq.gz	https://ftp.sra.ebi.ac.uk/vol1/fastq/SRR312/080/SRR31219480/SRR31219480_2.fastq.gz	Control_TF_DNA_S_bicolor_RTx430_DAPi712A12-ORGi5019-96P247	Sorghum_bicolor.Sorbi1.19.fa.gz
AT1G49480_S_bicolor_RTx430_DAPi712A04-ORGi5019-96P220	Sorghum_bicolor	https://ftp.sra.ebi.ac.uk/vol1/fastq/SRR312/008/SRR31219408/SRR31219408_1.fastq.gz	https://ftp.sra.ebi.ac.uk/vol1/fastq/SRR312/008/SRR31219408/SRR31219408_2.fastq.gz	Control_TF_DNA_S_bicolor_RTx430_DAPi712A12-ORGi5019-96P247	Sorghum_bicolor.Sorbi1.19.fa.gz
AT1G52880_S_bicolor_RTx430_DAPi712E12-ORGi5019-96P220	Sorghum_bicolor	https://ftp.sra.ebi.ac.uk/vol1/fastq/SRR312/049/SRR31219449/SRR31219449_1.fastq.gz	https://ftp.sra.ebi.ac.uk/vol1/fastq/SRR312/049/SRR31219449/SRR31219449_2.fastq.gz	Control_TF_DNA_S_bicolor_RTx430_DAPi712A12-ORGi5019-96P247	Sorghum_bicolor.Sorbi1.19.fa.gz
AT1G69180_S_bicolor_RTx430_DAPi712G05-ORGi5019-96P220	Sorghum_bicolor	https://ftp.sra.ebi.ac.uk/vol1/fastq/SRR312/044/SRR31219444/SRR31219444_1.fastq.gz	https://ftp.sra.ebi.ac.uk/vol1/fastq/SRR312/044/SRR31219444/SRR31219444_2.fastq.gz	Control_TF_DNA_S_bicolor_RTx430_DAPi712A12-ORGi5019-96P247	Sorghum_bicolor.Sorbi1.19.fa.gz
AT1G69690_S_bicolor_RTx430_DAPi712C02-ORGi5019-96P220	Sorghum_bicolor	https://ftp.sra.ebi.ac.uk/vol1/fastq/SRR312/017/SRR31219417/SRR31219417_1.fastq.gz	https://ftp.sra.ebi.ac.uk/vol1/fastq/SRR312/017/SRR31219417/SRR31219417_2.fastq.gz	Control_TF_DNA_S_bicolor_RTx430_DAPi712A12-ORGi5019-96P247	Sorghum_bicolor.Sorbi1.19.fa.gz
AT1G69780_S_bicolor_RTx430_DAPi712A03-ORGi5019-96P220	Sorghum_bicolor	https://ftp.sra.ebi.ac.uk/vol1/fastq/SRR312/004/SRR31219404/SRR31219404_1.fastq.gz	https://ftp.sra.ebi.ac.uk/vol1/fastq/SRR312/004/SRR31219404/SRR31219404_2.fastq.gz	Control_TF_DNA_S_bicolor_RTx430_DAPi712A12-ORGi5019-96P247	Sorghum_bicolor.Sorbi1.19.fa.gz
AT1G72740_S_bicolor_RTx430_DAPi712G09-ORGi5019-96P220	Sorghum_bicolor	https://ftp.sra.ebi.ac.uk/vol1/fastq/SRR312/009/SRR31219409/SRR31219409_1.fastq.gz	https://ftp.sra.ebi.ac.uk/vol1/fastq/SRR312/009/SRR31219409/SRR31219409_2.fastq.gz	Control_TF_DNA_S_bicolor_RTx430_DAPi712A12-ORGi5019-96P247	Sorghum_bicolor.Sorbi1.19.fa.gz
AT1G74480_S_bicolor_RTx430_DAPi712D07-ORGi5019-96P220	Sorghum_bicolor	https://ftp.sra.ebi.ac.uk/vol1/fastq/SRR312/007/SRR31219507/SRR31219507_1.fastq.gz	https://ftp.sra.ebi.ac.uk/vol1/fastq/SRR312/007/SRR31219507/SRR31219507_2.fastq.gz	Control_TF_DNA_S_bicolor_RTx430_DAPi712A12-ORGi5019-96P247	Sorghum_bicolor.Sorbi1.19.fa.gz
AT1G76420_S_bicolor_RTx430_DAPi712C09-ORGi5019-96P220	Sorghum_bicolor	https://ftp.sra.ebi.ac.uk/vol1/fastq/SRR312/017/SRR31219517/SRR31219517_1.fastq.gz	https://ftp.sra.ebi.ac.uk/vol1/fastq/SRR312/017/SRR31219517/SRR31219517_2.fastq.gz	Control_TF_DNA_S_bicolor_RTx430_DAPi712A12-ORGi5019-96P247	Sorghum_bicolor.Sorbi1.19.fa.gz
AT1G76880_S_bicolor_RTx430_DAPi712F11-ORGi5019-96P220	Sorghum_bicolor	https://ftp.sra.ebi.ac.uk/vol1/fastq/SRR312/038/SRR31219438/SRR31219438_1.fastq.gz	https://ftp.sra.ebi.ac.uk/vol1/fastq/SRR312/038/SRR31219438/SRR31219438_2.fastq.gz	Control_TF_DNA_S_bicolor_RTx430_DAPi712A12-ORGi5019-96P247	Sorghum_bicolor.Sorbi1.19.fa.gz
AT1G79580_S_bicolor_RTx430_DAPi712B09-ORGi5019-96P220	Sorghum_bicolor	https://ftp.sra.ebi.ac.uk/vol1/fastq/SRR312/016/SRR31219516/SRR31219516_1.fastq.gz	https://ftp.sra.ebi.ac.uk/vol1/fastq/SRR312/016/SRR31219516/SRR31219516_2.fastq.gz	Control_TF_DNA_S_bicolor_RTx430_DAPi712A12-ORGi5019-96P247	Sorghum_bicolor.Sorbi1.19.fa.gz
AT1G80840_S_bicolor_RTx430_DAPi712G03-ORGi5019-96P220	Sorghum_bicolor	https://ftp.sra.ebi.ac.uk/vol1/fastq/SRR312/019/SRR31219419/SRR31219419_1.fastq.gz	https://ftp.sra.ebi.ac.uk/vol1/fastq/SRR312/019/SRR31219419/SRR31219419_2.fastq.gz	Control_TF_DNA_S_bicolor_RTx430_DAPi712A12-ORGi5019-96P247	Sorghum_bicolor.Sorbi1.19.fa.gz
AT2G01060_S_bicolor_RTx430_DAPi712F05-ORGi5019-96P220	Sorghum_bicolor	https://ftp.sra.ebi.ac.uk/vol1/fastq/SRR312/052/SRR31219452/SRR31219452_1.fastq.gz	https://ftp.sra.ebi.ac.uk/vol1/fastq/SRR312/052/SRR31219452/SRR31219452_2.fastq.gz	Control_TF_DNA_S_bicolor_RTx430_DAPi712A12-ORGi5019-96P247	Sorghum_bicolor.Sorbi1.19.fa.gz
AT2G01930_S_bicolor_RTx430_DAPi712D05-ORGi5019-96P220	Sorghum_bicolor	https://ftp.sra.ebi.ac.uk/vol1/fastq/SRR312/097/SRR31219497/SRR31219497_1.fastq.gz	https://ftp.sra.ebi.ac.uk/vol1/fastq/SRR312/097/SRR31219497/SRR31219497_2.fastq.gz	Control_TF_DNA_S_bicolor_RTx430_DAPi712A12-ORGi5019-96P247	Sorghum_bicolor.Sorbi1.19.fa.gz
AT2G01940_S_bicolor_RTx430_DAPi712G08-ORGi5019-96P220	Sorghum_bicolor	https://ftp.sra.ebi.ac.uk/vol1/fastq/SRR312/062/SRR31219462/SRR31219462_1.fastq.gz	https://ftp.sra.ebi.ac.uk/vol1/fastq/SRR312/062/SRR31219462/SRR31219462_2.fastq.gz	Control_TF_DNA_S_bicolor_RTx430_DAPi712A12-ORGi5019-96P247	Sorghum_bicolor.Sorbi1.19.fa.gz
AT2G02820_S_bicolor_RTx430_DAPi712F08-ORGi5019-96P220	Sorghum_bicolor	https://ftp.sra.ebi.ac.uk/vol1/fastq/SRR312/099/SRR31219499/SRR31219499_1.fastq.gz	https://ftp.sra.ebi.ac.uk/vol1/fastq/SRR312/099/SRR31219499/SRR31219499_2.fastq.gz	Control_TF_DNA_S_bicolor_RTx430_DAPi712A12-ORGi5019-96P247	Sorghum_bicolor.Sorbi1.19.fa.gz
AT2G18550_S_bicolor_RTx430_DAPi712E07-ORGi5019-96P220	Sorghum_bicolor	https://ftp.sra.ebi.ac.uk/vol1/fastq/SRR312/015/SRR31219415/SRR31219415_1.fastq.gz	https://ftp.sra.ebi.ac.uk/vol1/fastq/SRR312/015/SRR31219415/SRR31219415_2.fastq.gz	Control_TF_DNA_S_bicolor_RTx430_DAPi712A12-ORGi5019-96P247	Sorghum_bicolor.Sorbi1.19.fa.gz
AT2G22430_S_bicolor_RTx430_DAPi712H02-ORGi5019-96P220	Sorghum_bicolor	https://ftp.sra.ebi.ac.uk/vol1/fastq/SRR312/013/SRR31219513/SRR31219513_1.fastq.gz	https://ftp.sra.ebi.ac.uk/vol1/fastq/SRR312/013/SRR31219513/SRR31219513_2.fastq.gz	Control_TF_DNA_S_bicolor_RTx430_DAPi712A12-ORGi5019-96P247	Sorghum_bicolor.Sorbi1.19.fa.gz
AT2G30250_S_bicolor_RTx430_DAPi712H03-ORGi5019-96P220	Sorghum_bicolor	https://ftp.sra.ebi.ac.uk/vol1/fastq/SRR312/089/SRR31219389/SRR31219389_1.fastq.gz	https://ftp.sra.ebi.ac.uk/vol1/fastq/SRR312/089/SRR31219389/SRR31219389_2.fastq.gz	Control_TF_DNA_S_bicolor_RTx430_DAPi712A12-ORGi5019-96P247	Sorghum_bicolor.Sorbi1.19.fa.gz
AT2G40620_S_bicolor_RTx430_DAPi712B12-ORGi5019-96P220	Sorghum_bicolor	https://ftp.sra.ebi.ac.uk/vol1/fastq/SRR312/032/SRR31219432/SRR31219432_1.fastq.gz	https://ftp.sra.ebi.ac.uk/vol1/fastq/SRR312/032/SRR31219432/SRR31219432_2.fastq.gz	Control_TF_DNA_S_bicolor_RTx430_DAPi712A12-ORGi5019-96P247	Sorghum_bicolor.Sorbi1.19.fa.gz
AT2G45420_S_bicolor_RTx430_DAPi712F06-ORGi5019-96P220	Sorghum_bicolor	https://ftp.sra.ebi.ac.uk/vol1/fastq/SRR312/053/SRR31219453/SRR31219453_1.fastq.gz	https://ftp.sra.ebi.ac.uk/vol1/fastq/SRR312/053/SRR31219453/SRR31219453_2.fastq.gz	Control_TF_DNA_S_bicolor_RTx430_DAPi712A12-ORGi5019-96P247	Sorghum_bicolor.Sorbi1.19.fa.gz
AT2G45480_S_bicolor_RTx430_DAPi712F09-ORGi5019-96P220	Sorghum_bicolor	https://ftp.sra.ebi.ac.uk/vol1/fastq/SRR312/020/SRR31219520/SRR31219520_1.fastq.gz	https://ftp.sra.ebi.ac.uk/vol1/fastq/SRR312/020/SRR31219520/SRR31219520_2.fastq.gz	Control_TF_DNA_S_bicolor_RTx430_DAPi712A12-ORGi5019-96P247	Sorghum_bicolor.Sorbi1.19.fa.gz
AT2G46270_S_bicolor_RTx430_DAPi712H11-ORGi5019-96P220	Sorghum_bicolor	https://ftp.sra.ebi.ac.uk/vol1/fastq/SRR312/076/SRR31219476/SRR31219476_1.fastq.gz	https://ftp.sra.ebi.ac.uk/vol1/fastq/SRR312/076/SRR31219476/SRR31219476_2.fastq.gz	Control_TF_DNA_S_bicolor_RTx430_DAPi712A12-ORGi5019-96P247	Sorghum_bicolor.Sorbi1.19.fa.gz
AT2G47070_S_bicolor_RTx430_DAPi712H10-ORGi5019-96P220	Sorghum_bicolor	https://ftp.sra.ebi.ac.uk/vol1/fastq/SRR312/096/SRR31219496/SRR31219496_1.fastq.gz	https://ftp.sra.ebi.ac.uk/vol1/fastq/SRR312/096/SRR31219496/SRR31219496_2.fastq.gz	Control_TF_DNA_S_bicolor_RTx430_DAPi712A12-ORGi5019-96P247	Sorghum_bicolor.Sorbi1.19.fa.gz
AT3G02940_S_bicolor_RTx430_DAPi712H04-ORGi5019-96P220	Sorghum_bicolor	https://ftp.sra.ebi.ac.uk/vol1/fastq/SRR312/009/SRR31219509/SRR31219509_1.fastq.gz	https://ftp.sra.ebi.ac.uk/vol1/fastq/SRR312/009/SRR31219509/SRR31219509_2.fastq.gz	Control_TF_DNA_S_bicolor_RTx430_DAPi712A12-ORGi5019-96P247	Sorghum_bicolor.Sorbi1.19.fa.gz
AT3G08500_S_bicolor_RTx430_DAPi712B05-ORGi5019-96P220	Sorghum_bicolor	https://ftp.sra.ebi.ac.uk/vol1/fastq/SRR312/061/SRR31219461/SRR31219461_1.fastq.gz	https://ftp.sra.ebi.ac.uk/vol1/fastq/SRR312/061/SRR31219461/SRR31219461_2.fastq.gz	Control_TF_DNA_S_bicolor_RTx430_DAPi712A12-ORGi5019-96P247	Sorghum_bicolor.Sorbi1.19.fa.gz
AT3G12250_S_bicolor_RTx430_DAPi712A07-ORGi5019-96P220	Sorghum_bicolor	https://ftp.sra.ebi.ac.uk/vol1/fastq/SRR312/041/SRR31219441/SRR31219441_1.fastq.gz	https://ftp.sra.ebi.ac.uk/vol1/fastq/SRR312/041/SRR31219441/SRR31219441_2.fastq.gz	Control_TF_DNA_S_bicolor_RTx430_DAPi712A12-ORGi5019-96P247	Sorghum_bicolor.Sorbi1.19.fa.gz
AT3G18990_S_bicolor_RTx430_DAPi712D11-ORGi5019-96P220	Sorghum_bicolor	https://ftp.sra.ebi.ac.uk/vol1/fastq/SRR312/045/SRR31219445/SRR31219445_1.fastq.gz	https://ftp.sra.ebi.ac.uk/vol1/fastq/SRR312/045/SRR31219445/SRR31219445_2.fastq.gz	Control_TF_DNA_S_bicolor_RTx430_DAPi712A12-ORGi5019-96P247	Sorghum_bicolor.Sorbi1.19.fa.gz
AT3G27010_S_bicolor_RTx430_DAPi712C04-ORGi5019-96P220	Sorghum_bicolor	https://ftp.sra.ebi.ac.uk/vol1/fastq/SRR312/020/SRR31219420/SRR31219420_1.fastq.gz	https://ftp.sra.ebi.ac.uk/vol1/fastq/SRR312/020/SRR31219420/SRR31219420_2.fastq.gz	Control_TF_DNA_S_bicolor_RTx430_DAPi712A12-ORGi5019-96P247	Sorghum_bicolor.Sorbi1.19.fa.gz
AT3G50060_S_bicolor_RTx430_DAPi712G02-ORGi5019-96P220	Sorghum_bicolor	https://ftp.sra.ebi.ac.uk/vol1/fastq/SRR312/008/SRR31219508/SRR31219508_1.fastq.gz	https://ftp.sra.ebi.ac.uk/vol1/fastq/SRR312/008/SRR31219508/SRR31219508_2.fastq.gz	Control_TF_DNA_S_bicolor_RTx430_DAPi712A12-ORGi5019-96P247	Sorghum_bicolor.Sorbi1.19.fa.gz
AT3G50260_S_bicolor_RTx430_DAPi712D02-ORGi5019-96P220	Sorghum_bicolor	https://ftp.sra.ebi.ac.uk/vol1/fastq/SRR312/090/SRR31219390/SRR31219390_1.fastq.gz	https://ftp.sra.ebi.ac.uk/vol1/fastq/SRR312/090/SRR31219390/SRR31219390_2.fastq.gz	Control_TF_DNA_S_bicolor_RTx430_DAPi712A12-ORGi5019-96P247	Sorghum_bicolor.Sorbi1.19.fa.gz
AT3G50410_S_bicolor_RTx430_DAPi712H06-ORGi5019-96P220	Sorghum_bicolor	https://ftp.sra.ebi.ac.uk/vol1/fastq/SRR312/018/SRR31219418/SRR31219418_1.fastq.gz	https://ftp.sra.ebi.ac.uk/vol1/fastq/SRR312/018/SRR31219418/SRR31219418_2.fastq.gz	Control_TF_DNA_S_bicolor_RTx430_DAPi712A12-ORGi5019-96P247	Sorghum_bicolor.Sorbi1.19.fa.gz
AT3G56400_S_bicolor_RTx430_DAPi712B02-ORGi5019-96P220	Sorghum_bicolor	https://ftp.sra.ebi.ac.uk/vol1/fastq/SRR312/036/SRR31219436/SRR31219436_1.fastq.gz	https://ftp.sra.ebi.ac.uk/vol1/fastq/SRR312/036/SRR31219436/SRR31219436_2.fastq.gz	Control_TF_DNA_S_bicolor_RTx430_DAPi712A12-ORGi5019-96P247	Sorghum_bicolor.Sorbi1.19.fa.gz
AT3G57920_S_bicolor_RTx430_DAPi712D06-ORGi5019-96P220	Sorghum_bicolor	https://ftp.sra.ebi.ac.uk/vol1/fastq/SRR312/097/SRR31219397/SRR31219397_1.fastq.gz	https://ftp.sra.ebi.ac.uk/vol1/fastq/SRR312/097/SRR31219397/SRR31219397_2.fastq.gz	Control_TF_DNA_S_bicolor_RTx430_DAPi712A12-ORGi5019-96P247	Sorghum_bicolor.Sorbi1.19.fa.gz
AT3G60530_S_bicolor_RTx430_DAPi712E05-ORGi5019-96P220	Sorghum_bicolor	https://ftp.sra.ebi.ac.uk/vol1/fastq/SRR312/072/SRR31219472/SRR31219472_1.fastq.gz	https://ftp.sra.ebi.ac.uk/vol1/fastq/SRR312/072/SRR31219472/SRR31219472_2.fastq.gz	Control_TF_DNA_S_bicolor_RTx430_DAPi712A12-ORGi5019-96P247	Sorghum_bicolor.Sorbi1.19.fa.gz
AT4G00730_S_bicolor_RTx430_DAPi712C11-ORGi5019-96P220	Sorghum_bicolor	https://ftp.sra.ebi.ac.uk/vol1/fastq/SRR312/081/SRR31219481/SRR31219481_1.fastq.gz	https://ftp.sra.ebi.ac.uk/vol1/fastq/SRR312/081/SRR31219481/SRR31219481_2.fastq.gz	Control_TF_DNA_S_bicolor_RTx430_DAPi712A12-ORGi5019-96P247	Sorghum_bicolor.Sorbi1.19.fa.gz
AT4G14770_S_bicolor_RTx430_DAPi712F10-ORGi5019-96P220	Sorghum_bicolor	https://ftp.sra.ebi.ac.uk/vol1/fastq/SRR312/085/SRR31219485/SRR31219485_1.fastq.gz	https://ftp.sra.ebi.ac.uk/vol1/fastq/SRR312/085/SRR31219485/SRR31219485_2.fastq.gz	Control_TF_DNA_S_bicolor_RTx430_DAPi712A12-ORGi5019-96P247	Sorghum_bicolor.Sorbi1.19.fa.gz
AT4G17980_S_bicolor_RTx430_DAPi712E10-ORGi5019-96P220	Sorghum_bicolor	https://ftp.sra.ebi.ac.uk/vol1/fastq/SRR312/098/SRR31219498/SRR31219498_1.fastq.gz	https://ftp.sra.ebi.ac.uk/vol1/fastq/SRR312/098/SRR31219498/SRR31219498_2.fastq.gz	Control_TF_DNA_S_bicolor_RTx430_DAPi712A12-ORGi5019-96P247	Sorghum_bicolor.Sorbi1.19.fa.gz
AT4G25470_S_bicolor_RTx430_DAPi712B06-ORGi5019-96P220	Sorghum_bicolor	https://ftp.sra.ebi.ac.uk/vol1/fastq/SRR312/029/SRR31219529/SRR31219529_1.fastq.gz	https://ftp.sra.ebi.ac.uk/vol1/fastq/SRR312/029/SRR31219529/SRR31219529_2.fastq.gz	Control_TF_DNA_S_bicolor_RTx430_DAPi712A12-ORGi5019-96P247	Sorghum_bicolor.Sorbi1.19.fa.gz
AT4G25480_S_bicolor_RTx430_DAPi712F04-ORGi5019-96P220	Sorghum_bicolor	https://ftp.sra.ebi.ac.uk/vol1/fastq/SRR312/091/SRR31219391/SRR31219391_1.fastq.gz	https://ftp.sra.ebi.ac.uk/vol1/fastq/SRR312/091/SRR31219391/SRR31219391_2.fastq.gz	Control_TF_DNA_S_bicolor_RTx430_DAPi712A12-ORGi5019-96P247	Sorghum_bicolor.Sorbi1.19.fa.gz
AT4G25490_S_bicolor_RTx430_DAPi712A08-ORGi5019-96P220	Sorghum_bicolor	https://ftp.sra.ebi.ac.uk/vol1/fastq/SRR312/004/SRR31219504/SRR31219504_1.fastq.gz	https://ftp.sra.ebi.ac.uk/vol1/fastq/SRR312/004/SRR31219504/SRR31219504_2.fastq.gz	Control_TF_DNA_S_bicolor_RTx430_DAPi712A12-ORGi5019-96P247	Sorghum_bicolor.Sorbi1.19.fa.gz
AT4G31800_S_bicolor_RTx430_DAPi712F02-ORGi5019-96P220	Sorghum_bicolor	https://ftp.sra.ebi.ac.uk/vol1/fastq/SRR312/003/SRR31219503/SRR31219503_1.fastq.gz	https://ftp.sra.ebi.ac.uk/vol1/fastq/SRR312/003/SRR31219503/SRR31219503_2.fastq.gz	Control_TF_DNA_S_bicolor_RTx430_DAPi712A12-ORGi5019-96P247	Sorghum_bicolor.Sorbi1.19.fa.gz
AT5G02320_S_bicolor_RTx430_DAPi712G06-ORGi5019-96P220	Sorghum_bicolor	https://ftp.sra.ebi.ac.uk/vol1/fastq/SRR312/006/SRR31219506/SRR31219506_1.fastq.gz	https://ftp.sra.ebi.ac.uk/vol1/fastq/SRR312/006/SRR31219506/SRR31219506_2.fastq.gz	Control_TF_DNA_S_bicolor_RTx430_DAPi712A12-ORGi5019-96P247	Sorghum_bicolor.Sorbi1.19.fa.gz
AT5G03150_S_bicolor_RTx430_DAPi712D08-ORGi5019-96P220	Sorghum_bicolor	https://ftp.sra.ebi.ac.uk/vol1/fastq/SRR312/079/SRR31219479/SRR31219479_1.fastq.gz	https://ftp.sra.ebi.ac.uk/vol1/fastq/SRR312/079/SRR31219479/SRR31219479_2.fastq.gz	Control_TF_DNA_S_bicolor_RTx430_DAPi712A12-ORGi5019-96P247	Sorghum_bicolor.Sorbi1.19.fa.gz
AT5G03790_S_bicolor_RTx430_DAPi712C06-ORGi5019-96P220	Sorghum_bicolor	https://ftp.sra.ebi.ac.uk/vol1/fastq/SRR312/028/SRR31219428/SRR31219428_1.fastq.gz	https://ftp.sra.ebi.ac.uk/vol1/fastq/SRR312/028/SRR31219428/SRR31219428_2.fastq.gz	Control_TF_DNA_S_bicolor_RTx430_DAPi712A12-ORGi5019-96P247	Sorghum_bicolor.Sorbi1.19.fa.gz
AT5G05550_S_bicolor_RTx430_DAPi712A10-ORGi5019-96P220	Sorghum_bicolor	https://ftp.sra.ebi.ac.uk/vol1/fastq/SRR312/028/SRR31219528/SRR31219528_1.fastq.gz	https://ftp.sra.ebi.ac.uk/vol1/fastq/SRR312/028/SRR31219528/SRR31219528_2.fastq.gz	Control_TF_DNA_S_bicolor_RTx430_DAPi712A12-ORGi5019-96P247	Sorghum_bicolor.Sorbi1.19.fa.gz
AT5G09410_S_bicolor_RTx430_DAPi712G11-ORGi5019-96P220	Sorghum_bicolor	https://ftp.sra.ebi.ac.uk/vol1/fastq/SRR312/011/SRR31219411/SRR31219411_1.fastq.gz	https://ftp.sra.ebi.ac.uk/vol1/fastq/SRR312/011/SRR31219411/SRR31219411_2.fastq.gz	Control_TF_DNA_S_bicolor_RTx430_DAPi712A12-ORGi5019-96P247	Sorghum_bicolor.Sorbi1.19.fa.gz
AT5G10030_S_bicolor_RTx430_DAPi712A06-ORGi5019-96P220	Sorghum_bicolor	https://ftp.sra.ebi.ac.uk/vol1/fastq/SRR312/021/SRR31219421/SRR31219421_1.fastq.gz	https://ftp.sra.ebi.ac.uk/vol1/fastq/SRR312/021/SRR31219421/SRR31219421_2.fastq.gz	Control_TF_DNA_S_bicolor_RTx430_DAPi712A12-ORGi5019-96P247	Sorghum_bicolor.Sorbi1.19.fa.gz
AT5G11260_S_bicolor_RTx430_DAPi712D12-ORGi5019-96P220	Sorghum_bicolor	https://ftp.sra.ebi.ac.uk/vol1/fastq/SRR312/092/SRR31219492/SRR31219492_1.fastq.gz	https://ftp.sra.ebi.ac.uk/vol1/fastq/SRR312/092/SRR31219492/SRR31219492_2.fastq.gz	Control_TF_DNA_S_bicolor_RTx430_DAPi712A12-ORGi5019-96P247	Sorghum_bicolor.Sorbi1.19.fa.gz
AT5G14960_S_bicolor_RTx430_DAPi712E08-ORGi5019-96P220	Sorghum_bicolor	https://ftp.sra.ebi.ac.uk/vol1/fastq/SRR312/022/SRR31219422/SRR31219422_1.fastq.gz	https://ftp.sra.ebi.ac.uk/vol1/fastq/SRR312/022/SRR31219422/SRR31219422_2.fastq.gz	Control_TF_DNA_S_bicolor_RTx430_DAPi712A12-ORGi5019-96P247	Sorghum_bicolor.Sorbi1.19.fa.gz
AT5G17300_S_bicolor_RTx430_DAPi712H08-ORGi5019-96P220	Sorghum_bicolor	https://ftp.sra.ebi.ac.uk/vol1/fastq/SRR312/088/SRR31219388/SRR31219388_1.fastq.gz	https://ftp.sra.ebi.ac.uk/vol1/fastq/SRR312/088/SRR31219388/SRR31219388_2.fastq.gz	Control_TF_DNA_S_bicolor_RTx430_DAPi712A12-ORGi5019-96P247	Sorghum_bicolor.Sorbi1.19.fa.gz
AT5G18560_S_bicolor_RTx430_DAPi712H07-ORGi5019-96P220	Sorghum_bicolor	https://ftp.sra.ebi.ac.uk/vol1/fastq/SRR312/082/SRR31219482/SRR31219482_1.fastq.gz	https://ftp.sra.ebi.ac.uk/vol1/fastq/SRR312/082/SRR31219482/SRR31219482_2.fastq.gz	Control_TF_DNA_S_bicolor_RTx430_DAPi712A12-ORGi5019-96P247	Sorghum_bicolor.Sorbi1.19.fa.gz
AT5G19790_S_bicolor_RTx430_DAPi712G07-ORGi5019-96P220	Sorghum_bicolor	https://ftp.sra.ebi.ac.uk/vol1/fastq/SRR312/025/SRR31219525/SRR31219525_1.fastq.gz	https://ftp.sra.ebi.ac.uk/vol1/fastq/SRR312/025/SRR31219525/SRR31219525_2.fastq.gz	Control_TF_DNA_S_bicolor_RTx430_DAPi712A12-ORGi5019-96P247	Sorghum_bicolor.Sorbi1.19.fa.gz
AT5G39760_S_bicolor_RTx430_DAPi712A02-ORGi5019-96P220	Sorghum_bicolor	https://ftp.sra.ebi.ac.uk/vol1/fastq/SRR312/093/SRR31219393/SRR31219393_1.fastq.gz	https://ftp.sra.ebi.ac.uk/vol1/fastq/SRR312/093/SRR31219393/SRR31219393_2.fastq.gz	Control_TF_DNA_S_bicolor_RTx430_DAPi712A12-ORGi5019-96P247	Sorghum_bicolor.Sorbi1.19.fa.gz
AT5G45300_S_bicolor_RTx430_DAPi712G10-ORGi5019-96P220	Sorghum_bicolor	https://ftp.sra.ebi.ac.uk/vol1/fastq/SRR312/031/SRR31219431/SRR31219431_1.fastq.gz	https://ftp.sra.ebi.ac.uk/vol1/fastq/SRR312/031/SRR31219431/SRR31219431_2.fastq.gz	Control_TF_DNA_S_bicolor_RTx430_DAPi712A12-ORGi5019-96P247	Sorghum_bicolor.Sorbi1.19.fa.gz
AT5G47390_S_bicolor_RTx430_DAPi712F01-ORGi5019-96P220	Sorghum_bicolor	https://ftp.sra.ebi.ac.uk/vol1/fastq/SRR312/033/SRR31219433/SRR31219433_1.fastq.gz	https://ftp.sra.ebi.ac.uk/vol1/fastq/SRR312/033/SRR31219433/SRR31219433_2.fastq.gz	Control_TF_DNA_S_bicolor_RTx430_DAPi712A12-ORGi5019-96P247	Sorghum_bicolor.Sorbi1.19.fa.gz
AT5G52830_S_bicolor_RTx430_DAPi712F07-ORGi5019-96P220	Sorghum_bicolor	https://ftp.sra.ebi.ac.uk/vol1/fastq/SRR312/015/SRR31219515/SRR31219515_1.fastq.gz	https://ftp.sra.ebi.ac.uk/vol1/fastq/SRR312/015/SRR31219515/SRR31219515_2.fastq.gz	Control_TF_DNA_S_bicolor_RTx430_DAPi712A12-ORGi5019-96P247	Sorghum_bicolor.Sorbi1.19.fa.gz
AT5G56110_S_bicolor_RTx430_DAPi712E06-ORGi5019-96P220	Sorghum_bicolor	https://ftp.sra.ebi.ac.uk/vol1/fastq/SRR312/010/SRR31219410/SRR31219410_1.fastq.gz	https://ftp.sra.ebi.ac.uk/vol1/fastq/SRR312/010/SRR31219410/SRR31219410_2.fastq.gz	Control_TF_DNA_S_bicolor_RTx430_DAPi712A12-ORGi5019-96P247	Sorghum_bicolor.Sorbi1.19.fa.gz
AT5G60130_S_bicolor_RTx430_DAPi712C07-ORGi5019-96P220	Sorghum_bicolor	https://ftp.sra.ebi.ac.uk/vol1/fastq/SRR312/010/SRR31219510/SRR31219510_1.fastq.gz	https://ftp.sra.ebi.ac.uk/vol1/fastq/SRR312/010/SRR31219510/SRR31219510_2.fastq.gz	Control_TF_DNA_S_bicolor_RTx430_DAPi712A12-ORGi5019-96P247	Sorghum_bicolor.Sorbi1.19.fa.gz
AT5G62020_S_bicolor_RTx430_DAPi712E04-ORGi5019-96P220	Sorghum_bicolor	https://ftp.sra.ebi.ac.uk/vol1/fastq/SRR312/001/SRR31219501/SRR31219501_1.fastq.gz	https://ftp.sra.ebi.ac.uk/vol1/fastq/SRR312/001/SRR31219501/SRR31219501_2.fastq.gz	Control_TF_DNA_S_bicolor_RTx430_DAPi712A12-ORGi5019-96P247	Sorghum_bicolor.Sorbi1.19.fa.gz
AT5G62470_S_bicolor_RTx430_DAPi712C08-ORGi5019-96P220	Sorghum_bicolor	https://ftp.sra.ebi.ac.uk/vol1/fastq/SRR312/026/SRR31219426/SRR31219426_1.fastq.gz	https://ftp.sra.ebi.ac.uk/vol1/fastq/SRR312/026/SRR31219426/SRR31219426_2.fastq.gz	Control_TF_DNA_S_bicolor_RTx430_DAPi712A12-ORGi5019-96P247	Sorghum_bicolor.Sorbi1.19.fa.gz
AT5G62940_S_bicolor_RTx430_DAPi712A05-ORGi5019-96P220	Sorghum_bicolor	https://ftp.sra.ebi.ac.uk/vol1/fastq/SRR312/030/SRR31219430/SRR31219430_1.fastq.gz	https://ftp.sra.ebi.ac.uk/vol1/fastq/SRR312/030/SRR31219430/SRR31219430_2.fastq.gz	Control_TF_DNA_S_bicolor_RTx430_DAPi712A12-ORGi5019-96P247	Sorghum_bicolor.Sorbi1.19.fa.gz
AT5G64750_S_bicolor_RTx430_DAPi712E03-ORGi5019-96P220	Sorghum_bicolor	https://ftp.sra.ebi.ac.uk/vol1/fastq/SRR312/016/SRR31219416/SRR31219416_1.fastq.gz	https://ftp.sra.ebi.ac.uk/vol1/fastq/SRR312/016/SRR31219416/SRR31219416_2.fastq.gz	Control_TF_DNA_S_bicolor_RTx430_DAPi712A12-ORGi5019-96P247	Sorghum_bicolor.Sorbi1.19.fa.gz
AT5G65410_S_bicolor_RTx430_DAPi712D03-ORGi5019-96P220	Sorghum_bicolor	https://ftp.sra.ebi.ac.uk/vol1/fastq/SRR312/089/SRR31219489/SRR31219489_1.fastq.gz	https://ftp.sra.ebi.ac.uk/vol1/fastq/SRR312/089/SRR31219489/SRR31219489_2.fastq.gz	Control_TF_DNA_S_bicolor_RTx430_DAPi712A12-ORGi5019-96P247	Sorghum_bicolor.Sorbi1.19.fa.gz
AT5G67300_S_bicolor_RTx430_DAPi712B01-ORGi5019-96P220	Sorghum_bicolor	https://ftp.sra.ebi.ac.uk/vol1/fastq/SRR312/086/SRR31219486/SRR31219486_1.fastq.gz	https://ftp.sra.ebi.ac.uk/vol1/fastq/SRR312/086/SRR31219486/SRR31219486_2.fastq.gz	Control_TF_DNA_S_bicolor_RTx430_DAPi712A12-ORGi5019-96P247	Sorghum_bicolor.Sorbi1.19.fa.gz
Carub.0001s0116.1_S_bicolor_RTx430_DAPi712C10-ORGi5019-96P247	Sorghum_bicolor	https://ftp.sra.ebi.ac.uk/vol1/fastq/SRR312/099/SRR31219399/SRR31219399_1.fastq.gz	https://ftp.sra.ebi.ac.uk/vol1/fastq/SRR312/099/SRR31219399/SRR31219399_2.fastq.gz	Control_TF_DNA_S_bicolor_RTx430_DAPi712A12-ORGi5019-96P247	Sorghum_bicolor.Sorbi1.19.fa.gz
Carub.0001s1194.1_S_bicolor_RTx430_DAPi712D03-ORGi5019-96P247	Sorghum_bicolor	https://ftp.sra.ebi.ac.uk/vol1/fastq/SRR312/071/SRR31219471/SRR31219471_1.fastq.gz	https://ftp.sra.ebi.ac.uk/vol1/fastq/SRR312/071/SRR31219471/SRR31219471_2.fastq.gz	Control_TF_DNA_S_bicolor_RTx430_DAPi712A12-ORGi5019-96P247	Sorghum_bicolor.Sorbi1.19.fa.gz
Carub.0001s3581.1.p_S_bicolor_RTx430_DAPi712D01-ORGi5019-96P247	Sorghum_bicolor	https://ftp.sra.ebi.ac.uk/vol1/fastq/SRR312/068/SRR31219468/SRR31219468_1.fastq.gz	https://ftp.sra.ebi.ac.uk/vol1/fastq/SRR312/068/SRR31219468/SRR31219468_2.fastq.gz	Control_TF_DNA_S_bicolor_RTx430_DAPi712A12-ORGi5019-96P247	Sorghum_bicolor.Sorbi1.19.fa.gz
Carub.0002s1646.1_S_bicolor_RTx430_DAPi712C12-ORGi5019-96P247	Sorghum_bicolor	https://ftp.sra.ebi.ac.uk/vol1/fastq/SRR312/090/SRR31219490/SRR31219490_1.fastq.gz	https://ftp.sra.ebi.ac.uk/vol1/fastq/SRR312/090/SRR31219490/SRR31219490_2.fastq.gz	Control_TF_DNA_S_bicolor_RTx430_DAPi712A12-ORGi5019-96P247	Sorghum_bicolor.Sorbi1.19.fa.gz
Carub.0002s1959.1_S_bicolor_RTx430_DAPi712H10-ORGi5019-96P247	Sorghum_bicolor	https://ftp.sra.ebi.ac.uk/vol1/fastq/SRR312/050/SRR31219450/SRR31219450_1.fastq.gz	https://ftp.sra.ebi.ac.uk/vol1/fastq/SRR312/050/SRR31219450/SRR31219450_2.fastq.gz	Control_TF_DNA_S_bicolor_RTx430_DAPi712A12-ORGi5019-96P247	Sorghum_bicolor.Sorbi1.19.fa.gz
Carub.0002s2670.1_S_bicolor_RTx430_DAPi712E11-ORGi5019-96P247	Sorghum_bicolor	https://ftp.sra.ebi.ac.uk/vol1/fastq/SRR312/056/SRR31219456/SRR31219456_1.fastq.gz	https://ftp.sra.ebi.ac.uk/vol1/fastq/SRR312/056/SRR31219456/SRR31219456_2.fastq.gz	Control_TF_DNA_S_bicolor_RTx430_DAPi712A12-ORGi5019-96P247	Sorghum_bicolor.Sorbi1.19.fa.gz
Carub.0003s1161.1.p_S_bicolor_RTx430_DAPi712G07-ORGi5019-96P247	Sorghum_bicolor	https://ftp.sra.ebi.ac.uk/vol1/fastq/SRR312/022/SRR31219522/SRR31219522_1.fastq.gz	https://ftp.sra.ebi.ac.uk/vol1/fastq/SRR312/022/SRR31219522/SRR31219522_2.fastq.gz	Control_TF_DNA_S_bicolor_RTx430_DAPi712A12-ORGi5019-96P247	Sorghum_bicolor.Sorbi1.19.fa.gz
Carub.0004s2291.1_S_bicolor_RTx430_DAPi712A09-ORGi5019-96P247	Sorghum_bicolor	https://ftp.sra.ebi.ac.uk/vol1/fastq/SRR312/074/SRR31219474/SRR31219474_1.fastq.gz	https://ftp.sra.ebi.ac.uk/vol1/fastq/SRR312/074/SRR31219474/SRR31219474_2.fastq.gz	Control_TF_DNA_S_bicolor_RTx430_DAPi712A12-ORGi5019-96P247	Sorghum_bicolor.Sorbi1.19.fa.gz
Carub.0004s2898.1.p_S_bicolor_RTx430_DAPi712B07-ORGi5019-96P247	Sorghum_bicolor	https://ftp.sra.ebi.ac.uk/vol1/fastq/SRR312/073/SRR31219473/SRR31219473_1.fastq.gz	https://ftp.sra.ebi.ac.uk/vol1/fastq/SRR312/073/SRR31219473/SRR31219473_2.fastq.gz	Control_TF_DNA_S_bicolor_RTx430_DAPi712A12-ORGi5019-96P247	Sorghum_bicolor.Sorbi1.19.fa.gz
Carub.0008s0039.1_S_bicolor_RTx430_DAPi712F09-ORGi5019-96P247	Sorghum_bicolor	https://ftp.sra.ebi.ac.uk/vol1/fastq/SRR312/001/SRR31219401/SRR31219401_1.fastq.gz	https://ftp.sra.ebi.ac.uk/vol1/fastq/SRR312/001/SRR31219401/SRR31219401_2.fastq.gz	Control_TF_DNA_S_bicolor_RTx430_DAPi712A12-ORGi5019-96P247	Sorghum_bicolor.Sorbi1.19.fa.gz
Carub.0008s0285.1_S_bicolor_RTx430_DAPi712D08-ORGi5019-96P247	Sorghum_bicolor	https://ftp.sra.ebi.ac.uk/vol1/fastq/SRR312/092/SRR31219392/SRR31219392_1.fastq.gz	https://ftp.sra.ebi.ac.uk/vol1/fastq/SRR312/092/SRR31219392/SRR31219392_2.fastq.gz	Control_TF_DNA_S_bicolor_RTx430_DAPi712A12-ORGi5019-96P247	Sorghum_bicolor.Sorbi1.19.fa.gz
Control_TF_DNA_S_bicolor_RTx430_DAPi712A01-ORGi5019-96P220	Sorghum_bicolor	https://ftp.sra.ebi.ac.uk/vol1/fastq/SRR312/006/SRR31219406/SRR31219406_1.fastq.gz	https://ftp.sra.ebi.ac.uk/vol1/fastq/SRR312/006/SRR31219406/SRR31219406_2.fastq.gz	-	Sorghum_bicolor.Sorbi1.19.fa.gz
Control_TF_DNA_S_bicolor_RTx430_DAPi712A01-ORGi5019-96P247	Sorghum_bicolor	https://ftp.sra.ebi.ac.uk/vol1/fastq/SRR312/096/SRR31219396/SRR31219396_1.fastq.gz	https://ftp.sra.ebi.ac.uk/vol1/fastq/SRR312/096/SRR31219396/SRR31219396_2.fastq.gz	-	Sorghum_bicolor.Sorbi1.19.fa.gz
Control_TF_DNA_S_bicolor_RTx430_DAPi712A12-ORGi5019-96P220	Sorghum_bicolor	https://ftp.sra.ebi.ac.uk/vol1/fastq/SRR312/002/SRR31219402/SRR31219402_1.fastq.gz	https://ftp.sra.ebi.ac.uk/vol1/fastq/SRR312/002/SRR31219402/SRR31219402_2.fastq.gz	-	Sorghum_bicolor.Sorbi1.19.fa.gz
Control_TF_DNA_S_bicolor_RTx430_DAPi712A12-ORGi5019-96P247	Sorghum_bicolor	https://ftp.sra.ebi.ac.uk/vol1/fastq/SRR312/027/SRR31219427/SRR31219427_1.fastq.gz	https://ftp.sra.ebi.ac.uk/vol1/fastq/SRR312/027/SRR31219427/SRR31219427_2.fastq.gz	-	Sorghum_bicolor.Sorbi1.19.fa.gz
Control_TF_DNA_S_bicolor_RTx430_DAPi712H01-ORGi5019-96P220	Sorghum_bicolor	https://ftp.sra.ebi.ac.uk/vol1/fastq/SRR312/035/SRR31219435/SRR31219435_1.fastq.gz	https://ftp.sra.ebi.ac.uk/vol1/fastq/SRR312/035/SRR31219435/SRR31219435_2.fastq.gz	-	Sorghum_bicolor.Sorbi1.19.fa.gz
Control_TF_DNA_S_bicolor_RTx430_DAPi712H01-ORGi5019-96P247	Sorghum_bicolor	https://ftp.sra.ebi.ac.uk/vol1/fastq/SRR312/040/SRR31219440/SRR31219440_1.fastq.gz	https://ftp.sra.ebi.ac.uk/vol1/fastq/SRR312/040/SRR31219440/SRR31219440_2.fastq.gz	-	Sorghum_bicolor.Sorbi1.19.fa.gz
Control_TF_DNA_S_bicolor_RTx430_DAPi712H12-ORGi5019-96P220	Sorghum_bicolor	https://ftp.sra.ebi.ac.uk/vol1/fastq/SRR312/027/SRR31219527/SRR31219527_1.fastq.gz	https://ftp.sra.ebi.ac.uk/vol1/fastq/SRR312/027/SRR31219527/SRR31219527_2.fastq.gz	-	Sorghum_bicolor.Sorbi1.19.fa.gz
Control_TF_DNA_S_bicolor_RTx430_DAPi712H12-ORGi5019-96P247	Sorghum_bicolor	https://ftp.sra.ebi.ac.uk/vol1/fastq/SRR312/095/SRR31219495/SRR31219495_1.fastq.gz	https://ftp.sra.ebi.ac.uk/vol1/fastq/SRR312/095/SRR31219495/SRR31219495_2.fastq.gz	-	Sorghum_bicolor.Sorbi1.19.fa.gz
LOC_Os01g17260.2_S_bicolor_RTx430_DAPi712H07-ORGi5019-96P247	Sorghum_bicolor	https://ftp.sra.ebi.ac.uk/vol1/fastq/SRR312/063/SRR31219463/SRR31219463_1.fastq.gz	https://ftp.sra.ebi.ac.uk/vol1/fastq/SRR312/063/SRR31219463/SRR31219463_2.fastq.gz	Control_TF_DNA_S_bicolor_RTx430_DAPi712A12-ORGi5019-96P247	Sorghum_bicolor.Sorbi1.19.fa.gz
LOC_Os01g18240.1_S_bicolor_RTx430_DAPi712G04-ORGi5019-96P247	Sorghum_bicolor	https://ftp.sra.ebi.ac.uk/vol1/fastq/SRR312/024/SRR31219524/SRR31219524_1.fastq.gz	https://ftp.sra.ebi.ac.uk/vol1/fastq/SRR312/024/SRR31219524/SRR31219524_2.fastq.gz	Control_TF_DNA_S_bicolor_RTx430_DAPi712A12-ORGi5019-96P247	Sorghum_bicolor.Sorbi1.19.fa.gz
LOC_Os01g46970.1_S_bicolor_RTx430_DAPi712C07-ORGi5019-96P247	Sorghum_bicolor	https://ftp.sra.ebi.ac.uk/vol1/fastq/SRR312/064/SRR31219464/SRR31219464_1.fastq.gz	https://ftp.sra.ebi.ac.uk/vol1/fastq/SRR312/064/SRR31219464/SRR31219464_2.fastq.gz	Control_TF_DNA_S_bicolor_RTx430_DAPi712A12-ORGi5019-96P247	Sorghum_bicolor.Sorbi1.19.fa.gz
LOC_Os01g51154.1_S_bicolor_RTx430_DAPi712A11-ORGi5019-96P247	Sorghum_bicolor	https://ftp.sra.ebi.ac.uk/vol1/fastq/SRR312/098/SRR31219398/SRR31219398_1.fastq.gz	https://ftp.sra.ebi.ac.uk/vol1/fastq/SRR312/098/SRR31219398/SRR31219398_2.fastq.gz	Control_TF_DNA_S_bicolor_RTx430_DAPi712A12-ORGi5019-96P247	Sorghum_bicolor.Sorbi1.19.fa.gz
LOC_Os02g33430.1_S_bicolor_RTx430_DAPi712D05-ORGi5019-96P247	Sorghum_bicolor	https://ftp.sra.ebi.ac.uk/vol1/fastq/SRR312/043/SRR31219443/SRR31219443_1.fastq.gz	https://ftp.sra.ebi.ac.uk/vol1/fastq/SRR312/043/SRR31219443/SRR31219443_2.fastq.gz	Control_TF_DNA_S_bicolor_RTx430_DAPi712A12-ORGi5019-96P247	Sorghum_bicolor.Sorbi1.19.fa.gz
LOC_Os02g42970.1_S_bicolor_RTx430_DAPi712E03-ORGi5019-96P247	Sorghum_bicolor	https://ftp.sra.ebi.ac.uk/vol1/fastq/SRR312/069/SRR31219469/SRR31219469_1.fastq.gz	https://ftp.sra.ebi.ac.uk/vol1/fastq/SRR312/069/SRR31219469/SRR31219469_2.fastq.gz	Control_TF_DNA_S_bicolor_RTx430_DAPi712A12-ORGi5019-96P247	Sorghum_bicolor.Sorbi1.19.fa.gz
LOC_Os03g21800.1_S_bicolor_RTx430_DAPi712B09-ORGi5019-96P247	Sorghum_bicolor	https://ftp.sra.ebi.ac.uk/vol1/fastq/SRR312/067/SRR31219467/SRR31219467_1.fastq.gz	https://ftp.sra.ebi.ac.uk/vol1/fastq/SRR312/067/SRR31219467/SRR31219467_2.fastq.gz	Control_TF_DNA_S_bicolor_RTx430_DAPi712A12-ORGi5019-96P247	Sorghum_bicolor.Sorbi1.19.fa.gz
LOC_Os06g07030.1_S_bicolor_RTx430_DAPi712E01-ORGi5019-96P247	Sorghum_bicolor	https://ftp.sra.ebi.ac.uk/vol1/fastq/SRR312/083/SRR31219483/SRR31219483_1.fastq.gz	https://ftp.sra.ebi.ac.uk/vol1/fastq/SRR312/083/SRR31219483/SRR31219483_2.fastq.gz	Control_TF_DNA_S_bicolor_RTx430_DAPi712A12-ORGi5019-96P247	Sorghum_bicolor.Sorbi1.19.fa.gz
LOC_Os08g06110.3_S_bicolor_RTx430_DAPi712D10-ORGi5019-96P247	Sorghum_bicolor	https://ftp.sra.ebi.ac.uk/vol1/fastq/SRR312/059/SRR31219459/SRR31219459_1.fastq.gz	https://ftp.sra.ebi.ac.uk/vol1/fastq/SRR312/059/SRR31219459/SRR31219459_2.fastq.gz	Control_TF_DNA_S_bicolor_RTx430_DAPi712A12-ORGi5019-96P247	Sorghum_bicolor.Sorbi1.19.fa.gz
LOC_Os08g37970.1_S_bicolor_RTx430_DAPi712A06-ORGi5019-96P247	Sorghum_bicolor	https://ftp.sra.ebi.ac.uk/vol1/fastq/SRR312/091/SRR31219491/SRR31219491_1.fastq.gz	https://ftp.sra.ebi.ac.uk/vol1/fastq/SRR312/091/SRR31219491/SRR31219491_2.fastq.gz	Control_TF_DNA_S_bicolor_RTx430_DAPi712A12-ORGi5019-96P247	Sorghum_bicolor.Sorbi1.19.fa.gz
LOC_Os09g25060.1_S_bicolor_RTx430_DAPi712F11-ORGi5019-96P247	Sorghum_bicolor	https://ftp.sra.ebi.ac.uk/vol1/fastq/SRR312/014/SRR31219414/SRR31219414_1.fastq.gz	https://ftp.sra.ebi.ac.uk/vol1/fastq/SRR312/014/SRR31219414/SRR31219414_2.fastq.gz	Control_TF_DNA_S_bicolor_RTx430_DAPi712A12-ORGi5019-96P247	Sorghum_bicolor.Sorbi1.19.fa.gz
LOC_Os10g26500.1_S_bicolor_RTx430_DAPi712D12-ORGi5019-96P247	Sorghum_bicolor	https://ftp.sra.ebi.ac.uk/vol1/fastq/SRR312/005/SRR31219405/SRR31219405_1.fastq.gz	https://ftp.sra.ebi.ac.uk/vol1/fastq/SRR312/005/SRR31219405/SRR31219405_2.fastq.gz	Control_TF_DNA_S_bicolor_RTx430_DAPi712A12-ORGi5019-96P247	Sorghum_bicolor.Sorbi1.19.fa.gz
LOC_Os10g41200.1_S_bicolor_RTx430_DAPi712G09-ORGi5019-96P247	Sorghum_bicolor	https://ftp.sra.ebi.ac.uk/vol1/fastq/SRR312/023/SRR31219523/SRR31219523_1.fastq.gz	https://ftp.sra.ebi.ac.uk/vol1/fastq/SRR312/023/SRR31219523/SRR31219523_2.fastq.gz	Control_TF_DNA_S_bicolor_RTx430_DAPi712A12-ORGi5019-96P247	Sorghum_bicolor.Sorbi1.19.fa.gz
Solyc01g095460.3.1_S_bicolor_RTx430_DAPi712D07-ORGi5019-96P247	Sorghum_bicolor	https://ftp.sra.ebi.ac.uk/vol1/fastq/SRR312/047/SRR31219447/SRR31219447_1.fastq.gz	https://ftp.sra.ebi.ac.uk/vol1/fastq/SRR312/047/SRR31219447/SRR31219447_2.fastq.gz	Control_TF_DNA_S_bicolor_RTx430_DAPi712A12-ORGi5019-96P247	Sorghum_bicolor.Sorbi1.19.fa.gz
Solyc01g102340.3.1_S_bicolor_RTx430_DAPi712H04-ORGi5019-96P247	Sorghum_bicolor	https://ftp.sra.ebi.ac.uk/vol1/fastq/SRR312/003/SRR31219403/SRR31219403_1.fastq.gz	https://ftp.sra.ebi.ac.uk/vol1/fastq/SRR312/003/SRR31219403/SRR31219403_2.fastq.gz	Control_TF_DNA_S_bicolor_RTx430_DAPi712A12-ORGi5019-96P247	Sorghum_bicolor.Sorbi1.19.fa.gz
Solyc03g116890.3.1_S_bicolor_RTx430_DAPi712G11-ORGi5019-96P247	Sorghum_bicolor	https://ftp.sra.ebi.ac.uk/vol1/fastq/SRR312/013/SRR31219413/SRR31219413_1.fastq.gz	https://ftp.sra.ebi.ac.uk/vol1/fastq/SRR312/013/SRR31219413/SRR31219413_2.fastq.gz	Control_TF_DNA_S_bicolor_RTx430_DAPi712A12-ORGi5019-96P247	Sorghum_bicolor.Sorbi1.19.fa.gz
Solyc04g078640.3.1_S_bicolor_RTx430_DAPi712F01-ORGi5019-96P247	Sorghum_bicolor	https://ftp.sra.ebi.ac.uk/vol1/fastq/SRR312/048/SRR31219448/SRR31219448_1.fastq.gz	https://ftp.sra.ebi.ac.uk/vol1/fastq/SRR312/048/SRR31219448/SRR31219448_2.fastq.gz	Control_TF_DNA_S_bicolor_RTx430_DAPi712A12-ORGi5019-96P247	Sorghum_bicolor.Sorbi1.19.fa.gz
Solyc05g007180.3.1_S_bicolor_RTx430_DAPi712E12-ORGi5019-96P247	Sorghum_bicolor	https://ftp.sra.ebi.ac.uk/vol1/fastq/SRR312/039/SRR31219439/SRR31219439_1.fastq.gz	https://ftp.sra.ebi.ac.uk/vol1/fastq/SRR312/039/SRR31219439/SRR31219439_2.fastq.gz	Control_TF_DNA_S_bicolor_RTx430_DAPi712A12-ORGi5019-96P247	Sorghum_bicolor.Sorbi1.19.fa.gz
Solyc06g048630.3.1_S_bicolor_RTx430_DAPi712C09-ORGi5019-96P247	Sorghum_bicolor	https://ftp.sra.ebi.ac.uk/vol1/fastq/SRR312/088/SRR31219488/SRR31219488_1.fastq.gz	https://ftp.sra.ebi.ac.uk/vol1/fastq/SRR312/088/SRR31219488/SRR31219488_2.fastq.gz	Control_TF_DNA_S_bicolor_RTx430_DAPi712A12-ORGi5019-96P247	Sorghum_bicolor.Sorbi1.19.fa.gz
Solyc07g040920.2.1_S_bicolor_RTx430_DAPi712B11-ORGi5019-96P247	Sorghum_bicolor	https://ftp.sra.ebi.ac.uk/vol1/fastq/SRR312/018/SRR31219518/SRR31219518_1.fastq.gz	https://ftp.sra.ebi.ac.uk/vol1/fastq/SRR312/018/SRR31219518/SRR31219518_2.fastq.gz	Control_TF_DNA_S_bicolor_RTx430_DAPi712A12-ORGi5019-96P247	Sorghum_bicolor.Sorbi1.19.fa.gz
Solyc08g068320.3.1_S_bicolor_RTx430_DAPi712C04-ORGi5019-96P247	Sorghum_bicolor	https://ftp.sra.ebi.ac.uk/vol1/fastq/SRR312/046/SRR31219446/SRR31219446_1.fastq.gz	https://ftp.sra.ebi.ac.uk/vol1/fastq/SRR312/046/SRR31219446/SRR31219446_2.fastq.gz	Control_TF_DNA_S_bicolor_RTx430_DAPi712A12-ORGi5019-96P247	Sorghum_bicolor.Sorbi1.19.fa.gz
Solyc08g078340.3.1_S_bicolor_RTx430_DAPi712H09-ORGi5019-96P247	Sorghum_bicolor	https://ftp.sra.ebi.ac.uk/vol1/fastq/SRR312/023/SRR31219423/SRR31219423_1.fastq.gz	https://ftp.sra.ebi.ac.uk/vol1/fastq/SRR312/023/SRR31219423/SRR31219423_2.fastq.gz	Control_TF_DNA_S_bicolor_RTx430_DAPi712A12-ORGi5019-96P247	Sorghum_bicolor.Sorbi1.19.fa.gz
Solyc08g079120.3.1_S_bicolor_RTx430_DAPi712F03-ORGi5019-96P247	Sorghum_bicolor	https://ftp.sra.ebi.ac.uk/vol1/fastq/SRR312/037/SRR31219437/SRR31219437_1.fastq.gz	https://ftp.sra.ebi.ac.uk/vol1/fastq/SRR312/037/SRR31219437/SRR31219437_2.fastq.gz	Control_TF_DNA_S_bicolor_RTx430_DAPi712A12-ORGi5019-96P247	Sorghum_bicolor.Sorbi1.19.fa.gz
Solyc10g005080.3.1_S_bicolor_RTx430_DAPi712E10-ORGi5019-96P247	Sorghum_bicolor	https://ftp.sra.ebi.ac.uk/vol1/fastq/SRR312/026/SRR31219526/SRR31219526_1.fastq.gz	https://ftp.sra.ebi.ac.uk/vol1/fastq/SRR312/026/SRR31219526/SRR31219526_2.fastq.gz	Control_TF_DNA_S_bicolor_RTx430_DAPi712A12-ORGi5019-96P247	Sorghum_bicolor.Sorbi1.19.fa.gz
Solyc11g064950.3.1_S_bicolor_RTx430_DAPi712A08-ORGi5019-96P247	Sorghum_bicolor	https://ftp.sra.ebi.ac.uk/vol1/fastq/SRR312/084/SRR31219484/SRR31219484_1.fastq.gz	https://ftp.sra.ebi.ac.uk/vol1/fastq/SRR312/084/SRR31219484/SRR31219484_2.fastq.gz	Control_TF_DNA_S_bicolor_RTx430_DAPi712A12-ORGi5019-96P247	Sorghum_bicolor.Sorbi1.19.fa.gz
XP_013586407.1_S_bicolor_RTx430_DAPi712F07-ORGi5019-96P247	Sorghum_bicolor	https://ftp.sra.ebi.ac.uk/vol1/fastq/SRR312/075/SRR31219475/SRR31219475_1.fastq.gz	https://ftp.sra.ebi.ac.uk/vol1/fastq/SRR312/075/SRR31219475/SRR31219475_2.fastq.gz	Control_TF_DNA_S_bicolor_RTx430_DAPi712A12-ORGi5019-96P247	Sorghum_bicolor.Sorbi1.19.fa.gz
XP_013587350.1_S_bicolor_RTx430_DAPi712B10-ORGi5019-96P247	Sorghum_bicolor	https://ftp.sra.ebi.ac.uk/vol1/fastq/SRR312/012/SRR31219512/SRR31219512_1.fastq.gz	https://ftp.sra.ebi.ac.uk/vol1/fastq/SRR312/012/SRR31219512/SRR31219512_2.fastq.gz	Control_TF_DNA_S_bicolor_RTx430_DAPi712A12-ORGi5019-96P247	Sorghum_bicolor.Sorbi1.19.fa.gz
XP_013587997.1_S_bicolor_RTx430_DAPi712D11-ORGi5019-96P247	Sorghum_bicolor	https://ftp.sra.ebi.ac.uk/vol1/fastq/SRR312/093/SRR31219493/SRR31219493_1.fastq.gz	https://ftp.sra.ebi.ac.uk/vol1/fastq/SRR312/093/SRR31219493/SRR31219493_2.fastq.gz	Control_TF_DNA_S_bicolor_RTx430_DAPi712A12-ORGi5019-96P247	Sorghum_bicolor.Sorbi1.19.fa.gz
XP_013589913.1_S_bicolor_RTx430_DAPi712G10-ORGi5019-96P247	Sorghum_bicolor	https://ftp.sra.ebi.ac.uk/vol1/fastq/SRR312/060/SRR31219460/SRR31219460_1.fastq.gz	https://ftp.sra.ebi.ac.uk/vol1/fastq/SRR312/060/SRR31219460/SRR31219460_2.fastq.gz	Control_TF_DNA_S_bicolor_RTx430_DAPi712A12-ORGi5019-96P247	Sorghum_bicolor.Sorbi1.19.fa.gz
XP_013589953.1_S_bicolor_RTx430_DAPi712B12-ORGi5019-96P247	Sorghum_bicolor	https://ftp.sra.ebi.ac.uk/vol1/fastq/SRR312/070/SRR31219470/SRR31219470_1.fastq.gz	https://ftp.sra.ebi.ac.uk/vol1/fastq/SRR312/070/SRR31219470/SRR31219470_2.fastq.gz	Control_TF_DNA_S_bicolor_RTx430_DAPi712A12-ORGi5019-96P247	Sorghum_bicolor.Sorbi1.19.fa.gz
XP_013602769.1_S_bicolor_RTx430_DAPi712C03-ORGi5019-96P247	Sorghum_bicolor	https://ftp.sra.ebi.ac.uk/vol1/fastq/SRR312/051/SRR31219451/SRR31219451_1.fastq.gz	https://ftp.sra.ebi.ac.uk/vol1/fastq/SRR312/051/SRR31219451/SRR31219451_2.fastq.gz	Control_TF_DNA_S_bicolor_RTx430_DAPi712A12-ORGi5019-96P247	Sorghum_bicolor.Sorbi1.19.fa.gz
XP_013609718.1_S_bicolor_RTx430_DAPi712G12-ORGi5019-96P247	Sorghum_bicolor	https://ftp.sra.ebi.ac.uk/vol1/fastq/SRR312/057/SRR31219457/SRR31219457_1.fastq.gz	https://ftp.sra.ebi.ac.uk/vol1/fastq/SRR312/057/SRR31219457/SRR31219457_2.fastq.gz	Control_TF_DNA_S_bicolor_RTx430_DAPi712A12-ORGi5019-96P247	Sorghum_bicolor.Sorbi1.19.fa.gz
XP_013613838.1_S_bicolor_RTx430_DAPi712C08-ORGi5019-96P247	Sorghum_bicolor	https://ftp.sra.ebi.ac.uk/vol1/fastq/SRR312/066/SRR31219466/SRR31219466_1.fastq.gz	https://ftp.sra.ebi.ac.uk/vol1/fastq/SRR312/066/SRR31219466/SRR31219466_2.fastq.gz	Control_TF_DNA_S_bicolor_RTx430_DAPi712A12-ORGi5019-96P247	Sorghum_bicolor.Sorbi1.19.fa.gz
XP_013615900.1_S_bicolor_RTx430_DAPi712E09-ORGi5019-96P247	Sorghum_bicolor	https://ftp.sra.ebi.ac.uk/vol1/fastq/SRR312/065/SRR31219465/SRR31219465_1.fastq.gz	https://ftp.sra.ebi.ac.uk/vol1/fastq/SRR312/065/SRR31219465/SRR31219465_2.fastq.gz	Control_TF_DNA_S_bicolor_RTx430_DAPi712A12-ORGi5019-96P247	Sorghum_bicolor.Sorbi1.19.fa.gz
XP_013629448.1_S_bicolor_RTx430_DAPi712H03-ORGi5019-96P247	Sorghum_bicolor	https://ftp.sra.ebi.ac.uk/vol1/fastq/SRR312/077/SRR31219477/SRR31219477_1.fastq.gz	https://ftp.sra.ebi.ac.uk/vol1/fastq/SRR312/077/SRR31219477/SRR31219477_2.fastq.gz	Control_TF_DNA_S_bicolor_RTx430_DAPi712A12-ORGi5019-96P247	Sorghum_bicolor.Sorbi1.19.fa.gz
XP_013631386.1_S_bicolor_RTx430_DAPi712A07-ORGi5019-96P247	Sorghum_bicolor	https://ftp.sra.ebi.ac.uk/vol1/fastq/SRR312/078/SRR31219478/SRR31219478_1.fastq.gz	https://ftp.sra.ebi.ac.uk/vol1/fastq/SRR312/078/SRR31219478/SRR31219478_2.fastq.gz	Control_TF_DNA_S_bicolor_RTx430_DAPi712A12-ORGi5019-96P247	Sorghum_bicolor.Sorbi1.19.fa.gz
XP_013631649.1_S_bicolor_RTx430_DAPi712B05-ORGi5019-96P247	Sorghum_bicolor	https://ftp.sra.ebi.ac.uk/vol1/fastq/SRR312/007/SRR31219407/SRR31219407_1.fastq.gz	https://ftp.sra.ebi.ac.uk/vol1/fastq/SRR312/007/SRR31219407/SRR31219407_2.fastq.gz	Control_TF_DNA_S_bicolor_RTx430_DAPi712A12-ORGi5019-96P247	Sorghum_bicolor.Sorbi1.19.fa.gz
XP_013634112.1_S_bicolor_RTx430_DAPi712H08-ORGi5019-96P247	Sorghum_bicolor	https://ftp.sra.ebi.ac.uk/vol1/fastq/SRR312/002/SRR31219502/SRR31219502_1.fastq.gz	https://ftp.sra.ebi.ac.uk/vol1/fastq/SRR312/002/SRR31219502/SRR31219502_2.fastq.gz	Control_TF_DNA_S_bicolor_RTx430_DAPi712A12-ORGi5019-96P247	Sorghum_bicolor.Sorbi1.19.fa.gz
